/search q=:q                                                            /blog?q=:q
/search                                                                 /blog

# affiliates
/iwantmyname        https://www.shareasale.com/r.cfm?b=210518&u=2551398&m=25581

/welcome-me                                                                  /blog/welcome-me
/budgeting-for-the-new-year                                                  /blog/budgeting-for-the-new-year
/strength-struggle                                                           /blog/strength-struggle
/directv-or-dish-network                                                     /blog/directv-or-dish-network
/faith-of-a-child-childlike-faith                                            /blog/faith-of-a-child-childlike-faith
/napoleon-dynamite-david-letterman-top-10                                    /blog/napoleon-dynamite-david-letterman-top-10
/i-love-my-dish-dvr                                                          /blog/i-love-my-dish-dvr
/my-digital-home-phone-internet-service                                      /blog/my-digital-home-phone-internet-service
/potty-training                                                              /blog/potty-training
/readers-digest-funny                                                        /blog/readers-digest-funny
/emergency-cash                                                              /blog/emergency-cash
/dvd-anthology-sneakers-collectors-edition                                   /blog/dvd-anthology-sneakers-collectors-edition
/dvd-anthology                                                               /blog/dvd-anthology
/brighthand-reviews-the-dell-axim-x3i                                        /blog/brighthand-reviews-the-dell-axim-x3i
/google-maps-wow                                                             /blog/google-maps-wow
/us-domains-with-no-privacy                                                  /blog/us-domains-with-no-privacy
/little-nicky                                                                /blog/little-nicky
/napoleon-and-pedro-the-faces-of-utahs-state-fair                            /blog/napoleon-and-pedro-the-faces-of-utahs-state-fair
/dvd-talk-forum                                                              /blog/dvd-talk-forum
/napoleon-dynamite-soundboard                                                /blog/napoleon-dynamite-soundboard
/dvd-anthology-dustins-movies-dustin                                         /blog/dvd-anthology-dustins-movies-dustin
/gmail-tools                                                                 /blog/gmail-tools
/the-volokh-conspiracy-minority-political-success-stories                    /blog/the-volokh-conspiracy-minority-political-success-stories
/house-concurrent-resolution-no-29-napoleon-dynamite-production              /blog/house-concurrent-resolution-no-29-napoleon-dynamite-production
/php-templating                                                              /blog/php-templating
/star-wars-mania                                                             /blog/star-wars-mania
/if-i-had-a-million-dollars                                                  /blog/if-i-had-a-million-dollars
/word-of-wisdom-jeopardy                                                     /blog/word-of-wisdom-jeopardy
/tabbed-browsing-in-ie                                                       /blog/tabbed-browsing-in-ie
/thank-you-andy                                                              /blog/thank-you-andy
/good-mexican-food                                                           /blog/good-mexican-food
/cancelled-dish-network-last-night                                           /blog/cancelled-dish-network-last-night
/css-header-footer-with-page-100-height                                      /blog/css-header-footer-with-page-100-height
/php-tricks-tips-php-script-to-variable                                      /blog/php-tricks-tips-php-script-to-variable
/bbspot-which-file-extension-are-you                                         /blog/bbspot-which-file-extension-are-you
/jcpenney                                                                    /blog/jcpenney
/kudos-to-getafreelancercom                                                  /blog/kudos-to-getafreelancercom
/50-first-dates                                                              /blog/50-first-dates
/blackbeards-ghost                                                           /blog/blackbeards-ghost
/napoleon-ism                                                                /blog/napoleon-ism
/textpad-vs-ultraedit                                                        /blog/textpad-vs-ultraedit
/do-you-back-up-your-computer                                                /blog/do-you-back-up-your-computer
/outrage-over-google-employees-and-adwords-accounts                          /blog/outrage-over-google-employees-and-adwords-accounts
/wbloggar                                                                    /blog/wbloggar
/million-dollar-baby                                                         /blog/million-dollar-baby
/the-straight-line                                                           /blog/the-straight-line
/elingsh-uinervtisy                                                          /blog/elingsh-uinervtisy
/cubicle-diet                                                                /blog/cubicle-diet
/tell-me-a-story                                                             /blog/tell-me-a-story
/to-work-or-not-to-work                                                      /blog/to-work-or-not-to-work
/43-things                                                                   /blog/43-things
/book-of-mormon-reading-goal                                                 /blog/book-of-mormon-reading-goal
/talk-like-a-pirate-day-september-19                                         /blog/talk-like-a-pirate-day-september-19
/evil-mutant-attack-squirrel-of-death                                        /blog/evil-mutant-attack-squirrel-of-death
/just-like-heaven                                                            /blog/just-like-heaven
/made-over-100-with-adsense-this-month                                       /blog/made-over-100-with-adsense-this-month
/napoleon-dynamite                                                           /blog/napoleon-dynamite
/dish-network-customer-neglect                                               /blog/dish-network-customer-neglect
/believing-christ                                                            /blog/believing-christ
/make-your-site-mobile-friendly-in-two-minutes                               /blog/make-your-site-mobile-friendly-in-two-minutes
/spamming-blogs                                                              /blog/spamming-blogs
/jacob-5                                                                     /blog/jacob-5
/the-great-experiement                                                       /blog/the-great-experiement
/blue-cross-blue-shield-sucks                                                /blog/blue-cross-blue-shield-sucks
/the-best-pitcher-of-all-time                                                /blog/the-best-pitcher-of-all-time
/mother-in-law-joke                                                          /blog/mother-in-law-joke
/modern-day-noah                                                             /blog/modern-day-noah
/tech-support                                                                /blog/tech-support
/godaddy-special-offer                                                       /blog/godaddy-special-offer
/and-boom-goes-the-dynamite                                                  /blog/and-boom-goes-the-dynamite
/stay-clear-of-godaddy-hosting                                               /blog/stay-clear-of-godaddy-hosting
/google-pays-for-firefox-downloads                                           /blog/google-pays-for-firefox-downloads
/bush-blair                                                                  /blog/bush-blair
/office-12-new-user-interface                                                /blog/office-12-new-user-interface
/new-dvd-site-needs-logo                                                     /blog/new-dvd-site-needs-logo
/freelance-outsource-affiliate-money                                         /blog/freelance-outsource-affiliate-money
/gmail-mobile                                                                /blog/gmail-mobile
/default-image-when-image-does-not-exist                                     /blog/default-image-when-image-does-not-exist
/adding-a-while-loop-to-smarty                                               /blog/adding-a-while-loop-to-smarty
/wireless-mice                                                               /blog/wireless-mice
/html-files-parsed-through-php                                               /blog/html-files-parsed-through-php
/join-ing-direct-and-get-25                                                  /blog/join-ing-direct-and-get-25
/javascript-printf-sprintf                                                   /blog/javascript-printf-sprintf
/google-analytics-url                                                        /blog/google-analytics-url
/you-get-what-you-pay-for-with-11-domains                                    /blog/you-get-what-you-pay-for-with-11-domains
/new-cell-phones-again-from-letstalkcom                                      /blog/new-cell-phones-again-from-letstalkcom
/the-millionaire-next-door                                                   /blog/the-millionaire-next-door
/the-gimp                                                                    /blog/the-gimp
/wordpress-anti-spam                                                         /blog/wordpress-anti-spam
/brian-boom-goes-the-dynamite-collins                                        /blog/brian-boom-goes-the-dynamite-collins
/deer-at-sunset                                                              /blog/deer-at-sunset
/google-wants-me                                                             /blog/google-wants-me
/free-copy-of-winrar                                                         /blog/free-copy-of-winrar
/grim-reeper-prank                                                           /blog/grim-reeper-prank
/bedbugs-beetles-or-skeeters                                                 /blog/bedbugs-beetles-or-skeeters
/tribute-to-utah-2005                                                        /blog/tribute-to-utah-2005
/google-desktop-killed-the-windows-media                                     /blog/google-desktop-killed-the-windows-media
/those-padres                                                                /blog/those-padres
/white-nerdy                                                                 /blog/white-nerdy
/im-a-nerd-and-a-dork                                                        /blog/im-a-nerd-and-a-dork
/how-to-get-out-of-debt                                                      /blog/how-to-get-out-of-debt
/traffic-in-india                                                            /blog/traffic-in-india
/blogging-for-dollars                                                        /blog/blogging-for-dollars
/dale-murphy-family-man                                                      /blog/dale-murphy-family-man
/umpire-on-power-trip                                                        /blog/umpire-on-power-trip
/installer-problems                                                          /blog/installer-problems
/al-qaeda-missionaries                                                       /blog/al-qaeda-missionaries
/cheapest-domains                                                            /blog/cheapest-domains
/free-sports-tickets-contest                                                 /blog/free-sports-tickets-contest
/same-blog-new-home                                                          /blog/same-blog-new-home
/one-day-to-google                                                           /blog/one-day-to-google
/google-groups-back-in-beta                                                  /blog/google-groups-back-in-beta
/gmail-addresses-ignore-dots                                                 /blog/gmail-addresses-ignore-dots
/low-down-marketing                                                          /blog/low-down-marketing
/faith-hill-not-so-graceful-loser                                            /blog/faith-hill-not-so-graceful-loser
/new-ie-on-automatic-update                                                  /blog/new-ie-on-automatic-update
/harry-potter-and-the-order-of-the-phoenix                                   /blog/harry-potter-and-the-order-of-the-phoenix
/i-love-my-altec-lansing-inmotion-for-my-ipod                                /blog/i-love-my-altec-lansing-inmotion-for-my-ipod
/free-music-for-your-mood                                                    /blog/free-music-for-your-mood
/i-just-want-to-be-your-everything-andy-gibb                                 /blog/i-just-want-to-be-your-everything-andy-gibb
/how-to-delete-songs-directly-from-your-ipod                                 /blog/how-to-delete-songs-directly-from-your-ipod
/fun-with-hot-linking                                                        /blog/fun-with-hot-linking
/the-naartjie                                                                /blog/the-naartjie
/web-20-or-star-wars-character                                               /blog/web-20-or-star-wars-character
/humidifiers-sooth-the-savage-winter                                         /blog/humidifiers-sooth-the-savage-winter
/jeff-francoeur-joshua-19                                                    /blog/jeff-francoeur-joshua-19
/rocketman-software-scene                                                    /blog/rocketman-software-scene
/david-beckham-barry-bonds                                                   /blog/david-beckham-barry-bonds
/local-business-on-the-net                                                   /blog/local-business-on-the-net
/populating-a-data-bound-combobox-in-vbnet-with-a-custom-datasource          /blog/populating-a-data-bound-combobox-in-vbnet-with-a-custom-datasource
/free-business-cards                                                         /blog/free-business-cards
/google-analytics-hack                                                       /blog/google-analytics-hack
/programmingdebugging-whack-a-mole                                           /blog/programmingdebugging-whack-a-mole
/collecting-old-wooden-bats                                                  /blog/collecting-old-wooden-bats
/breaking-the-law-parking                                                    /blog/breaking-the-law-parking
/getting-things-done-2                                                       /blog/getting-things-done-2
/dvd-review-raising-helen                                                    /blog/dvd-review-raising-helen
/windows-icons                                                               /blog/windows-icons
/paintnet-trim-function                                                      /blog/paintnet-trim-function
/payday-loans-debt-trap                                                      /blog/payday-loans-debt-trap
/how-many-domain-names-do-you-own                                            /blog/how-many-domain-names-do-you-own
/jogging-with-an-ipod                                                        /blog/jogging-with-an-ipod
/crop-an-image-bitmap-in-c-or-vbnet                                          /blog/crop-an-image-bitmap-in-c-or-vbnet
/byu-vs-utah-2006-football-rivalry-video                                     /blog/byu-vs-utah-2006-football-rivalry-video
/winners-never-cheat                                                         /blog/winners-never-cheat
/what-i-miss-most-about-dish-network                                         /blog/what-i-miss-most-about-dish-network
/keep-track-of-your-dvd-collection                                           /blog/keep-track-of-your-dvd-collection
/rich-dad-poor-dad-review                                                    /blog/rich-dad-poor-dad-review
/gmail-delete-shortcut-key                                                   /blog/gmail-delete-shortcut-key
/what-do-mormons-pdas-dvds-have-in-common                                    /blog/what-do-mormons-pdas-dvds-have-in-common
/clicky-is-so-much-easier                                                    /blog/clicky-is-so-much-easier
/the-new-apple-irack                                                         /blog/the-new-apple-irack
/a-generic-error-occurred-in-gdi                                             /blog/a-generic-error-occurred-in-gdi
/word-wrap-reflow-in-firefox-table-cell                                      /blog/word-wrap-reflow-in-firefox-table-cell
/sorting-an-html-table                                                       /blog/sorting-an-html-table
/under-cover-profits                                                         /blog/under-cover-profits
/why-my-family-is-switching-to-directv                                       /blog/why-my-family-is-switching-to-directv
/more-evidence-of-my-nerdiness                                               /blog/more-evidence-of-my-nerdiness
/batter-gets-hit-in-the-cup                                                  /blog/batter-gets-hit-in-the-cup
/syncing-google-calendar-with-outlook-pda                                    /blog/syncing-google-calendar-with-outlook-pda
/gehrig-gracie                                                               /blog/gehrig-gracie
/blog-publishing-in-word                                                     /blog/blog-publishing-in-word
/sortable-drag-drop-table-rows                                               /blog/sortable-drag-drop-table-rows
/how-to-get-free-directv-upgrades                                            /blog/how-to-get-free-directv-upgrades
/over-a-year-and-no-mountain                                                 /blog/over-a-year-and-no-mountain
/the-cost-to-fix-a-computer                                                  /blog/the-cost-to-fix-a-computer
/the-12-reasons-satellite-is-better-than-cable-minus-the-6-reasons-it-is-not /blog/the-12-reasons-satellite-is-better-than-cable-minus-the-6-reasons-it-is-not
/password-protecting-a-zip-file-using-php                                    /blog/password-protecting-a-zip-file-using-php
/restoring-mysql-innodb-files-on-windows                                     /blog/restoring-mysql-innodb-files-on-windows
/im-an-seo-professional                                                      /blog/im-an-seo-professional
/my-htaccess-file-is-messing-up-awstats-on-wordpress-blogs                   /blog/my-htaccess-file-is-messing-up-awstats-on-wordpress-blogs
/php-to-excel                                                                /blog/php-to-excel
/mysql-front-is-back                                                         /blog/mysql-front-is-back
/10-puns                                                                     /blog/10-puns
/how-to-get-a-free-1gb-microsd-card                                          /blog/how-to-get-a-free-1gb-microsd-card
/get-quickbooks-pro-2008                                                     /blog/get-quickbooks-pro-2008
/virtual-envelopes-budget-happy                                              /blog/virtual-envelopes-budget-happy
/skills-for-deals                                                            /blog/skills-for-deals
/ruby-on-rails-scaffolding                                                   /blog/ruby-on-rails-scaffolding
/rails-creator-praises-php                                                   /blog/rails-creator-praises-php
/trip-fuel-cost-calculator                                                   /blog/trip-fuel-cost-calculator
/null-is-null-or-not-an-object                                               /blog/null-is-null-or-not-an-object
/remember-trbl                                                               /blog/remember-trbl
/update-windows-path-without-rebooting                                       /blog/update-windows-path-without-rebooting
/liquidweb-rocks                                                             /blog/liquidweb-rocks
/funny-vader                                                                 /blog/funny-vader
/web-frameworks-rock                                                         /blog/web-frameworks-rock
/star-trek-meets-monty-python                                                /blog/star-trek-meets-monty-python
/i-love-cool-tools                                                           /blog/i-love-cool-tools
/haircuts                                                                    /blog/haircuts
/django-model-style-guide                                                    /blog/django-model-style-guide
/backing-up                                                                  /blog/backing-up
/funny-quote                                                                 /blog/funny-quote
/gmail-thunberbird-wow                                                       /blog/gmail-thunberbird-wow
/django-accounts-on-subdomains                                               /blog/django-accounts-on-subdomains
/setting-up-wildcard-dns-subdomains-on-cpanel                                /blog/setting-up-wildcard-dns-subdomains-on-cpanel
/windows-live-writer                                                         /blog/windows-live-writer
/i-hate-rc-willey                                                            /blog/i-hate-rc-willey
/setting-up-django-on-a-whm-cpanel-vps-liquidweb                             /blog/setting-up-django-on-a-whm-cpanel-vps-liquidweb
/django-tip-get_field_display                                                /blog/django-tip-get_field_display
/dynamic-filtered-drop-down-choice-fields-with-django                        /blog/dynamic-filtered-drop-down-choice-fields-with-django
/webfaction-limited-review                                                   /blog/webfaction-limited-review
/download-pop3imap-email-attachments-with-php                                /blog/download-pop3imap-email-attachments-with-php
/ebay-research-tool                                                          /blog/ebay-research-tool
/newegg-rocks                                                                /blog/newegg-rocks
/10-reason-why-playlistcom-should-die-a-slow-death                           /blog/10-reason-why-playlistcom-should-die-a-slow-death
/vista-ubuntu-mac-windows-7-what-to-do                                       /blog/vista-ubuntu-mac-windows-7-what-to-do
/dave-ramsey-coming-to-salt-lake-city-discount-code                          /blog/dave-ramsey-coming-to-salt-lake-city-discount-code
/dave-ramsey-recovery-plan                                                   /blog/dave-ramsey-recovery-plan
/django-filtering-a-modelform-field                                          /blog/django-filtering-a-modelform-field
/django-login-form-on-every-page                                             /blog/django-login-form-on-every-page
/windows-7-media-center-decoder-error                                        /blog/windows-7-media-center-decoder-error
/windows-live-writer-wordpress-fix                                           /blog/windows-live-writer-wordpress-fix
/motorola-em1000r-20-mile-2-way-frsgmrs-radio-pair                           /blog/motorola-em1000r-20-mile-2-way-frsgmrs-radio-pair
/simple-php-pluralize                                                        /blog/simple-php-pluralize
/switching-to-ooma                                                           /blog/switching-to-ooma
/inconsistent-bugs-and-hard-coded-variables                                  /blog/inconsistent-bugs-and-hard-coded-variables
/my-applications                                                             /blog/my-applications
/new-theme                                                                   /blog/new-theme
/ultimate-milkshake                                                          /blog/ultimate-milkshake
/one-liner-to-decompress-targz-files                                         /blog/one-liner-to-decompress-targz-files
/one-click-django-project-publishing                                         /blog/one-click-django-project-publishing
/webfaction-review                                                           /blog/webfaction-review
/django-djson-er-json                                                        /blog/django-djson-er-json
/finally-a-new-hdtv                                                          /blog/finally-a-new-hdtv
/xhtml-strict-anchor-target-fix-with-jquery                                  /blog/xhtml-strict-anchor-target-fix-with-jquery
/pidgin-crashing-on-windows-7-64-bit-fixed                                   /blog/pidgin-crashing-on-windows-7-64-bit-fixed
/django-filter-model-on-date-range                                           /blog/django-filter-model-on-date-range
/comcast-is-my-friend-today                                                  /blog/comcast-is-my-friend-today
/windows-7-releases-october-22nd-2009                                        /blog/windows-7-releases-october-22nd-2009
/use-google-earth-to-track-your-mileage                                      /blog/use-google-earth-to-track-your-mileage
/django-cron-on-webfaction                                                   /blog/django-cron-on-webfaction
/ie-json-caching-bug                                                         /blog/ie-json-caching-bug
/why-the-cash-envelope-system-didnt-work-for-us                              /blog/why-the-cash-envelope-system-didnt-work-for-us
/copy-model-object-in-django                                                 /blog/copy-model-object-in-django
/fixing-ie-issues                                                            /blog/fixing-ie-issues
/basic-authentication-on-mod_wsgi                                            /blog/basic-authentication-on-mod_wsgi
/django-programmingerror-cant-adapt                                          /blog/django-programmingerror-cant-adapt
/mobile-app-on-subdomain-with-django                                         /blog/mobile-app-on-subdomain-with-django
/implementing-a-forgot-password-feature-on-a-django-site                     /blog/implementing-a-forgot-password-feature-on-a-django-site
/integrate-mailchimp-with-your-django-app                                    /blog/integrate-mailchimp-with-your-django-app
/afcu-rocks                                                                  /blog/afcu-rocks
/speeding-up-online-videos                                                   /blog/speeding-up-online-videos
/77-things-i-did-in-2010                                                     /blog/77-things-i-did-in-2010
/php-python-django                                                           /blog/php-python-django
/modifying-other-sites-with-kynetx                                           /blog/modifying-other-sites-with-kynetx
/budgeting-a-trip-to-disneyland                                              /blog/budgeting-a-trip-to-disneyland
/svn-to-git                                                                  /blog/svn-to-git
/jquery-ui-dialog-ok-click-on-enter-key                                      /blog/jquery-ui-dialog-ok-click-on-enter-key
/django-smart_unicode                                                        /blog/django-smart_unicode
/the-problem-with-buying-templates                                           /blog/the-problem-with-buying-templates
/top-10-productivity-tips                                                    /blog/top-10-productivity-tips
/python-irc-bot-using-twisted-rollbot                                        /blog/python-irc-bot-using-twisted-rollbot
/django-color-theme-for-pycharm                                              /blog/django-color-theme-for-pycharm
/how-sports-improves-programmer-focus                                        /blog/how-sports-improves-programmer-focus
/ios5-install-unknown-error-occurred                                         /blog/ios5-install-unknown-error-occurred
/django-dev-environment-virtualenv-pip-git-pycharm                           /blog/django-dev-environment-virtualenv-pip-git-pycharm
/audio-books                                                                 /blog/audio-books
/what-id-change-about-99-designs                                             /blog/what-id-change-about-99-designs
/setting-up-a-znc-irc-bouncer                                                /blog/setting-up-a-znc-irc-bouncer
/herniated-l5-s1-disc                                                        /blog/herniated-l5-s1-disc
/how-to-reset-a-django-admin-password                                        /blog/how-to-reset-a-django-admin-password
/phurlite-simple-php-sqlite-url-shortener                                    /blog/phurlite-simple-php-sqlite-url-shortener
/replacing-myself                                                            /blog/replacing-myself
/rsi-or-carpal-tunnel-brain-cure                                             /blog/rsi-or-carpal-tunnel-brain-cure
/what-every-high-school-student-should-know-about-computing                  /blog/what-every-high-school-student-should-know-about-computing
/django-custom-upload-handler-to-compress-image-files                        /blog/django-custom-upload-handler-to-compress-image-files
/xbmc-on-raspberry-pi                                                        /blog/xbmc-on-raspberry-pi
/the-tools-i-use                                                             /blog/the-tools-i-use
/the-fitness-resolution-i-didnt-plan-on-tmfit                                /blog/the-fitness-resolution-i-didnt-plan-on-tmfit
/digitalocean-heroku-linode-webfaction-hosting-showdown                      /blog/digitalocean-heroku-linode-webfaction-hosting-showdown
/setting-up-your-own-sentry-server                                           /blog/setting-up-your-own-sentry-server
/django-textile-template-caching                                             /blog/django-textile-template-caching
/python-django-google-adsense-api                                            /blog/python-django-google-adsense-api
/django-server-postgresql-nginx-celery-rabbitmq                              /blog/django-server-postgresql-nginx-celery-rabbitmq
/django-month_choices                                                        /blog/django-month_choices
/ssh-tunnel-in-pgadmin3-for-postgresql                                       /blog/ssh-tunnel-in-pgadmin3-for-postgresql
/python-twisted-irc-bot-lazy-coder                                           /blog/python-twisted-irc-bot-lazy-coder
/refactoring-to-save-4805-lines-of-code                                      /blog/refactoring-to-save-4805-lines-of-code
/memcachedkeylengtherror-key-length-is-250                                   /blog/memcachedkeylengtherror-key-length-is-250
/show-work                                                                   /blog/show-work
/virtues-demons-wordpress-php-platform-v-s-hiring-developer-website-design   /blog/virtues-demons-wordpress-php-platform-v-s-hiring-developer-website-design
/sync-personal-docs-kindle-mac                                               /blog/sync-personal-docs-kindle-mac
/have-you-ever-done-tradework                                                /blog/have-you-ever-done-tradework
/django-pluralize-outside-templates                                          /blog/django-pluralize-outside-templates
/productivity-tools-processes                                                /blog/productivity-tools-processes
/setting-opensprinkler                                                       /blog/setting-opensprinkler
/quick-recurring-payments-stripe-checkout                                    /blog/quick-recurring-payments-stripe-checkout
/2014-year-review                                                            /blog/2014-year-review
/essentialism-book-review                                                    /blog/essentialism-book-review
/setting-signed-ssl-certificate-nginx                                        /blog/setting-signed-ssl-certificate-nginx
/create-lego-logo-inspired-text-illustrator                                  /blog/create-lego-logo-inspired-text-illustrator
/ng-conf-advanced-workshop-review                                            /blog/ng-conf-advanced-workshop-review
/top-8-ng-shirts                                                             /blog/top-8-ng-shirts
/using-gmail-for-support                                                     /blog/using-gmail-for-support
/right-click-folder-create-iso-in-osx                                        /blog/right-click-folder-create-iso-in-osx
/wordpress-admin-fully-javascript                                            /blog/wordpress-admin-fully-javascript
/why-aurelia-over-angular-react-ember-meteor                                 /blog/why-aurelia-over-angular-react-ember-meteor
/aurelia-accordion-component-from-scratch                                    /blog/aurelia-accordion-component-from-scratch
/daily-passwords-for-kids-computer                                           /blog/daily-passwords-for-kids-computer
/internet-pause-button-with-dd-wrt                                           /blog/internet-pause-button-with-dd-wrt
/aurelia-replaceable-parts-html-only-templates                               /blog/aurelia-replaceable-parts-html-only-templates
/observing-arrays-aurelia                                                    /blog/observing-arrays-aurelia
/aurelia-sharing-data-components                                             /blog/aurelia-sharing-data-components
/real-world-examples-of-aurelias-compose                                     /blog/real-world-examples-of-aurelias-compose
/building-website                                                            /blog/building-website
/weight-loss-advice-from-a-dietician-nutritionist                            /blog/weight-loss-advice-from-a-dietician-nutritionist
/convert-audio-clip-to-ringtone-mac-automation                               /blog/convert-audio-clip-to-ringtone-mac-automation
/keep-webmin-running                                                         /blog/keep-webmin-running
/audible-to-plex                                                             /blog/audible-to-plex
/running-portainer-on-synology                                               /blog/running-portainer-on-synology
/tools-we-use-to-keep-our-kids-safe-with-technology                          /blog/tools-we-use-to-keep-our-kids-safe-with-technology
/youtube-to-plex                                                             /blog/youtube-to-plex
/google-meet-on-air-light-automation                                         /blog/on-air-light-automation

# netlify analytics said that this page was requested a lot so we'll redirect it to blog which is probably where they want to go...
/post                                                                   /blog
/wp-login.php                                                           https://www.youtube.com/watch?v=dQw4w9WgXcQ
/wp-admin.php                                                           https://www.youtube.com/watch?v=dQw4w9WgXcQ
/wp-admin                                                               https://www.youtube.com/watch?v=dQw4w9WgXcQ
